,token,like,count,like_count
0,가게,1000.0,1,1000.0
1,가기,1000.0,1,1000.0
2,가로수,143.0,1,143.0
3,가수,30000.0,8,3750.0
4,가슴,10080.0,2,5040.0
5,가십,4000.0,1,4000.0
6,가오리,298.0,1,298.0
7,가요,111.0,1,111.0
8,가을,63.0,1,63.0
9,가족,10000.0,1,10000.0
10,가평,773.0,1,773.0
11,각종,9000.0,1,9000.0
12,간식,521.0,1,521.0
13,간장,659.0,2,329.5
14,감동,6000.0,1,6000.0
15,감성,70.0,1,70.0
16,감정,182.0,1,182.0
17,강남,10857.0,2,5428.5
18,강성,1000.0,1,1000.0
19,강제,366.0,1,366.0
20,개미,63.0,1,63.0
21,개통,570.0,1,570.0
22,개헌,174.0,1,174.0
23,거미,2000.0,1,2000.0
24,건강,80.0,1,80.0
25,걸이,4000.0,1,4000.0
26,게임,1208.0,2,604.0
27,게장,366.0,1,366.0
28,격정적,9000.0,1,9000.0
29,결과,580.0,1,580.0
30,결국,2000.0,1,2000.0
31,결심,823.0,1,823.0
32,경과,912.0,1,912.0
33,경구,698.0,1,698.0
35,경주,3000.0,1,3000.0
36,경호원,60.0,1,60.0
37,경희대,2000.0,1,2000.0
38,계란,730.0,1,730.0
39,계란찜,180.0,1,180.0
40,계속,269.0,1,269.0
41,계약서,1000.0,1,1000.0
42,고기,7862.0,5,1572.4
43,고독,1240.0,2,620.0
44,고두,1000.0,1,1000.0
45,고등,149.0,1,149.0
46,고등학교,8000.0,1,8000.0
47,고무,200.0,1,200.0
48,고문,2313.0,7,330.42857142857144
49,고민,3000.0,2,1500.0
50,고백,2916.0,5,583.2
52,고속,413.0,3,137.66666666666666
54,고양이,9000.0,1,9000.0
56,고정,2000.0,1,2000.0
57,고혈압,55.0,1,55.0
58,곡성,89.0,1,89.0
59,공개,18454.0,10,1845.4
60,공대,8000.0,1,8000.0
61,공략,4000.0,1,4000.0
62,공룡,408.0,1,408.0
63,공부,1000.0,1,1000.0
64,공신,1000.0,1,1000.0
65,공원,8000.0,2,4000.0
66,과정,6000.0,1,6000.0
67,관계,71.0,1,71.0
68,관리,82.0,1,82.0
69,광장,63.0,1,63.0
70,교복,8000.0,1,8000.0
71,교실,20000.0,2,10000.0
73,구라,13050.0,16,815.625
74,구매,5.0,1,5.0
75,구원,72.0,1,72.0
76,구원자,72.0,1,72.0
77,구이,327.0,2,163.5
78,구제,63.0,1,63.0
79,국내,1000.0,1,1000.0
80,국물,241.0,1,241.0
81,국민,1297.0,2,648.5
82,궁녀,948.0,1,948.0
83,귀신,3000.0,1,3000.0
84,귀염,356.0,1,356.0
85,그라운드,10312.0,2,5156.0
86,그로,2000.0,1,2000.0
87,그루,10000.0,1,10000.0
88,그룹,17047.0,6,2841.1666666666665
89,그린,749.0,1,749.0
90,극복,70.0,1,70.0
91,근본,41570.0,7,5938.571428571428
92,근육,5000.0,2,2500.0
93,글라이딩,4000.0,1,4000.0
94,금메달,4000.0,1,4000.0
95,기가,897.0,1,897.0
96,기기,656.0,3,218.66666666666666
97,기류,1000.0,1,1000.0
98,기모,302.0,1,302.0
99,기법,698.0,1,698.0
100,기분,1000.0,1,1000.0
101,기생충,7000.0,1,7000.0
102,기습,859.0,1,859.0
103,기승,1069.0,2,534.5
104,기용,10000.0,2,5000.0
105,기우,7000.0,1,7000.0
106,기절,30000.0,1,30000.0
107,길거리,76.0,1,76.0
108,김기범,3079.0,3,1026.3333333333333
109,김장,1000.0,1,1000.0
110,꼬꼬마,1000.0,1,1000.0
111,나도,20174.0,2,10087.0
112,나래,758.0,1,758.0
113,나비,20.0,1,20.0
114,나의,24841.0,7,3548.714285714286
116,나트랑,171.0,1,171.0
117,난리,99.0,1,99.0
118,남녀,2498.0,4,624.5
119,남성,2000.0,1,2000.0
121,남자,188255.0,58,3245.7758620689656
122,남친,40597.0,15,2706.4666666666667
123,남편,6000.0,1,6000.0
124,내가,10000.0,2,5000.0
125,내고,30000.0,1,30000.0
126,내도,115.0,1,115.0
127,내일,1049.0,2,524.5
128,냉채,87.0,1,87.0
130,넥타이,20.0,1,20.0
131,노래방,36000.0,9,4000.0
132,노르웨이,730.0,1,730.0
133,노마,22.0,1,22.0
134,노트,566.0,1,566.0
135,녹수,312.0,1,312.0
136,놀이,7000.0,1,7000.0
137,농업,286.0,1,286.0
138,누나,2000.0,1,2000.0
139,누명,8000.0,1,8000.0
140,눈물,17000.0,3,5666.666666666667
141,눈웃음,40.0,1,40.0
142,느낌,60888.0,3,20296.0
144,다니엘,9000.0,1,9000.0
145,다비,6000.0,1,6000.0
146,다음날,629.0,1,629.0
147,다이어,580.0,1,580.0
148,다이어트,12636.0,8,1579.5
149,다중,580.0,1,580.0
150,단어,225.0,2,112.5
151,닭볶음탕,180.0,1,180.0
152,당시,406.0,1,406.0
153,당일,773.0,1,773.0
154,당장,171.0,1,171.0
155,당황,10758.0,2,5379.0
156,대리,344.0,1,344.0
157,대박,1311.0,3,437.0
158,대배우,10000.0,1,10000.0
160,대세,96116.0,15,6407.733333333334
161,대식,1000.0,1,1000.0
162,대자연,72.0,1,72.0
163,대잔치,182.0,1,182.0
164,대처,3357.0,2,1678.5
165,대통령,140000.0,2,70000.0
166,대학교,550.0,1,550.0
167,대화,773.0,1,773.0
168,댄스,29408.0,4,7352.0
169,더블,698.0,1,698.0
170,덕행,4000.0,1,4000.0
171,덮밥,552.0,2,276.0
172,데드,89.0,1,89.0
173,데뷔,10000.0,3,3333.3333333333335
174,데이,7.0,1,7.0
175,데이트,191719.0,18,10651.055555555555
176,데이팅,10000.0,1,10000.0
177,도시락,1000.0,1,1000.0
178,돈가스,1000.0,1,1000.0
179,돌이,15084.0,3,5028.0
180,돌파,408.0,1,408.0
182,동거,72.0,1,72.0
183,동방,1000.0,1,1000.0
184,동백꽃,6000.0,1,6000.0
185,동석,2782.0,3,927.3333333333334
186,동심,1977.0,2,988.5
187,동안,280.0,1,280.0
188,동여,10000.0,1,10000.0
189,동의어,199.0,1,199.0
190,동한,3000.0,1,3000.0
191,동행,10000.0,1,10000.0
192,드라마,16223.0,9,1802.5555555555557
193,드라이,664.0,1,664.0
194,드라이브,6000.0,1,6000.0
195,드레서,126.0,1,126.0
196,드림,406.0,1,406.0
197,등장,3072.0,2,1536.0
198,디자이너,250.0,2,125.0
199,똘기,7.0,1,7.0
200,라이브,6000.0,1,6000.0
201,라이크,84.0,1,84.0
202,라이트,749.0,1,749.0
203,라이프,399.0,1,399.0
204,라즈베리,496.0,1,496.0
205,랜덤,6000.0,1,6000.0
206,러너,10000.0,1,10000.0
207,런던,240.0,1,240.0
209,레스토랑,10000.0,1,10000.0
211,레인,18.0,1,18.0
212,로그,662.0,1,662.0
213,로망,126.0,1,126.0
214,로봇,783.0,4,195.75
215,로이,859.0,1,859.0
216,로이스,1910.0,4,477.5
217,로프,4000.0,1,4000.0
218,루머,9000.0,1,9000.0
219,루시,496.0,1,496.0
220,리딩,580.0,1,580.0
221,리본,80.0,1,80.0
222,리뷰,149.0,1,149.0
223,리스트,4326.0,2,2163.0
224,리얼,44619.0,19,2348.3684210526317
225,리코,135.0,1,135.0
226,리허설,4.0,1,4.0
227,릴레이,102137.0,33,3095.060606060606
228,마무,8000.0,1,8000.0
229,마비,70.0,1,70.0
230,마사지,171.0,1,171.0
231,마음,15000.0,2,7500.0
232,마이,13580.0,3,4526.666666666667
233,마지막,11427.0,3,3809.0
234,마트,521.0,1,521.0
235,막걸리,214.0,1,214.0
236,만난,2000.0,1,2000.0
237,만남,1386.0,3,462.0
238,만두,269.0,1,269.0
239,만월,50000.0,1,50000.0
240,말로,163.0,1,163.0
241,말차,417.0,1,417.0
242,말하기,29.0,1,29.0
243,맘마,1380.0,2,690.0
244,매력적,64.0,1,64.0
245,매운맛,180.0,1,180.0
246,매일,243.0,1,243.0
247,머니,55.0,1,55.0
248,머드,171.0,1,171.0
249,머리,18496.0,5,3699.2
251,메세지,266.0,1,266.0
252,메이크업,38168.0,6,6361.333333333333
253,메이트,9302.0,10,930.2
254,멤버,23216.0,7,3316.5714285714284
255,며느리,9000.0,1,9000.0
256,명품,352.0,2,176.0
257,모닝,897.0,1,897.0
258,모닝콜,47897.0,6,7982.833333333333
259,모델,83699.0,39,2146.128205128205
260,모로코,147.0,1,147.0
261,모비딕,361.0,1,361.0
262,모습,101156.0,3,33718.666666666664
263,모음,10781.0,11,980.0909090909091
264,모지,1000.0,1,1000.0
265,모해,8000.0,2,4000.0
266,무비,5280.0,2,2640.0
267,무언가,76.0,1,76.0
268,문고,1534.0,4,383.5
269,문수,15.0,1,15.0
270,문화,1000.0,1,1000.0
271,뮤직비디오,5000.0,1,5000.0
273,미니,227.0,2,113.5
274,미니멀,356.0,1,356.0
275,미소,948.0,1,948.0
276,미식,1240.0,2,620.0
277,미아,1380.0,2,690.0
278,미역국,475.0,2,237.5
279,미용실,15809.0,4,3952.25
280,민경,6000.0,1,6000.0
282,민의,289.0,1,289.0
283,민지,87.0,1,87.0
284,밀착,10000.0,1,10000.0
285,바깥,311.0,1,311.0
286,바다,25000.0,3,8333.333333333334
287,바람둥이,1000.0,1,1000.0
288,박보,783.0,1,783.0
289,박스,9300.0,8,1162.5
290,박원,1000.0,1,1000.0
291,박재,809.0,1,809.0
292,박제,206.0,1,206.0
293,반디,6000.0,2,3000.0
294,반응,10000.0,1,10000.0
295,반자,972.0,1,972.0
296,반지,302.0,1,302.0
297,반차,1773.0,2,886.5
298,반팔,357.0,1,357.0
299,발견,10000.0,1,10000.0
300,발전,5000.0,1,5000.0
301,발표,57.0,1,57.0
302,밤새,7000.0,1,7000.0
303,밥상,948.0,1,948.0
304,방구석,126.0,1,126.0
305,방귀,1000.0,1,1000.0
306,방문,3000.0,1,3000.0
307,방법,1279.0,4,319.75
308,방주,953.0,1,953.0
309,방탄,10000.0,1,10000.0
310,배송,189.0,1,189.0
311,배우,17687.0,5,3537.4
312,백장,57.0,1,57.0
313,백종,6000.0,1,6000.0
314,백지,4000.0,1,4000.0
316,백호,10000.0,1,10000.0
317,버섯,215.0,1,215.0
318,버스,19749.0,4,4937.25
319,버전,1000.0,1,1000.0
320,버킷,326.0,1,326.0
322,베스트,219.0,1,219.0
323,베이,1775.0,3,591.6666666666666
324,벤틀리,948.0,1,948.0
326,변신,2000.0,2,1000.0
327,변천사,5000.0,2,2500.0
328,변화,14000.0,2,7000.0
329,보감,199.0,1,199.0
330,보물섬,20000.0,1,20000.0
331,보안,60.0,1,60.0
332,보어,241.0,1,241.0
333,보우,18.0,1,18.0
334,보이,102185.0,34,3005.4411764705883
335,보이스,145.0,1,145.0
336,보타이,20.0,1,20.0
337,본격,2000.0,1,2000.0
338,본적,772.0,1,772.0
339,본체,8000.0,1,8000.0
340,부부,356.0,1,356.0
341,부산,472.0,2,236.0
342,부석,20000.0,1,20000.0
343,부스,2204.0,3,734.6666666666666
344,부자,13.0,1,13.0
345,부탁,48385.0,8,6048.125
346,분만,1000.0,1,1000.0
347,분장,1000.0,1,1000.0
348,불가,49837.0,19,2623.0
349,불만,3000.0,1,3000.0
350,뷰티,1208.0,7,172.57142857142858
351,브라자,17.0,1,17.0
352,브랜드,143.0,1,143.0
353,브이,844.0,2,422.0
354,블랙,2055.0,2,1027.5
355,블루,4000.0,1,4000.0
356,비결,280.0,1,280.0
357,비밀,10404.0,3,3468.0
358,비아,313.0,1,313.0
359,비에이,321.0,1,321.0
360,비주얼,9000.0,1,9000.0
361,비쥬얼,57.0,1,57.0
362,비참,10000.0,1,10000.0
363,비타민,6000.0,1,6000.0
364,빌라,171.0,1,171.0
365,빙탄,897.0,1,897.0
366,빚쟁이,13.0,1,13.0
367,빨강,496.0,1,496.0
368,뼈대,1000.0,1,1000.0
369,사고,388.0,3,129.33333333333334
370,사내,8000.0,1,8000.0
371,사람,104186.0,13,8014.307692307692
372,사랑,53429.0,10,5342.9
373,사복,4000.0,1,4000.0
374,사실,179.0,1,179.0
375,사심,143.0,1,143.0
376,사연,140570.0,6,23428.333333333332
377,사용법,912.0,2,456.0
378,사이,13176.0,6,2196.0
379,사인,1000.0,1,1000.0
381,사정,698.0,1,698.0
382,사제,10000.0,1,10000.0
383,사진,12550.0,3,4183.333333333333
384,사진관,40000.0,3,13333.333333333334
385,사친,17432.0,7,2490.285714285714
386,사탕,7.0,1,7.0
387,삭제,1000.0,1,1000.0
388,산타,672.0,1,672.0
389,살벌,8580.0,2,4290.0
390,살의,84.0,1,84.0
391,살이,662.0,1,662.0
392,살인,10000.0,1,10000.0
393,삼성,126.0,1,126.0
394,삿포로,321.0,1,321.0
395,상담,1000.0,1,1000.0
396,상사,580.0,1,580.0
397,상승,71.0,1,71.0
398,상우,193.0,1,193.0
399,상위,615.0,1,615.0
400,상태,773.0,1,773.0
401,새끼,442.0,1,442.0
402,새벽,200.0,1,200.0
403,새싹,136.0,1,136.0
404,새해,427.0,1,427.0
405,생리,2856.0,5,571.2
406,생애,10.0,1,10.0
407,생이,1000.0,1,1000.0
408,생일,1124.0,3,374.6666666666667
410,생활,7130.0,4,1782.5
411,샤워,3000.0,1,3000.0
412,서로,1000.0,1,1000.0
413,서비스,205.0,3,68.33333333333333
414,서식,730.0,1,730.0
415,서울,1829.0,4,457.25
416,서치,280.0,1,280.0
417,선물,13192.0,6,2198.6666666666665
419,선배,60000.0,1,60000.0
420,선집,356.0,1,356.0
421,설렁탕,289.0,1,289.0
422,설치,1000.0,1,1000.0
423,성교육,698.0,1,698.0
424,성균관,569.0,1,569.0
425,성빈,4000.0,1,4000.0
426,성웅,200.0,1,200.0
427,성형,179.0,1,179.0
428,세기,13.0,1,13.0
429,세끼,283.0,1,283.0
430,세대,399.0,1,399.0
431,세로,200.0,4,50.0
432,세미나,2000.0,1,2000.0
433,세상,2202.0,4,550.5
434,세수,2000.0,1,2000.0
435,세월,50000.0,1,50000.0
437,섹시,8848.0,3,2949.3333333333335
438,셀프,240.0,1,240.0
439,소개,10952.0,2,5476.0
440,소개팅,14094.0,5,2818.8
441,소녀,8000.0,1,8000.0
442,소년,726.0,1,726.0
443,소년단,10897.0,2,5448.5
444,소라,4000.0,1,4000.0
445,소름,200.0,1,200.0
446,소리,9746.0,3,3248.6666666666665
447,소심,182.0,1,182.0
448,소원,809.0,1,809.0
449,소주,280.0,1,280.0
450,소취,71.0,1,71.0
451,소희,84.0,1,84.0
452,속마음,10000.0,1,10000.0
453,솔라,10000.0,1,10000.0
454,솔로,1062.0,2,531.0
455,쇼핑,9476.0,11,861.4545454545455
457,수능,20000.0,2,10000.0
459,수상작,57.0,1,57.0
460,수진,10000.0,1,10000.0
461,수트,206.0,1,206.0
462,수편,193.0,1,193.0
463,숙명,550.0,1,550.0
464,숙소,45.0,1,45.0
465,숙취,283.0,1,283.0
466,순간,27143.0,6,4523.833333333333
467,순삭,354.0,1,354.0
468,술안주,136.0,1,136.0
469,술자리,12314.0,16,769.625
470,스케이트,10000.0,1,10000.0
472,스키,34.0,1,34.0
473,스킨,312.0,1,312.0
474,스킨십,79.0,1,79.0
475,스타,7971.0,4,1992.75
476,스타일,31193.0,15,2079.5333333333333
477,스타일링,2981.0,3,993.6666666666666
478,스테이지,5.0,1,5.0
479,스테이크,1153.0,2,576.5
481,스토어,143.0,1,143.0
482,스톱,145.0,1,145.0
483,스튜디오,1066.0,4,266.5
484,스트레스,10000.0,1,10000.0
485,스티치,10000.0,1,10000.0
486,스파,171.0,1,171.0
487,스파게티,1000.0,1,1000.0
488,스파이크,1000.0,1,1000.0
489,스페셜,20000.0,2,10000.0
491,습격,6000.0,1,6000.0
492,승기,116.0,1,116.0
493,승원,174.0,1,174.0
494,승은,55.0,1,55.0
495,승희,9000.0,1,9000.0
496,시간,354.0,1,354.0
497,시계,2289.0,2,1144.5
498,시대,598.0,2,299.0
499,시리즈,392.0,3,130.66666666666666
500,시어머니,9000.0,1,9000.0
501,시작,18133.0,7,2590.4285714285716
502,시장,63.0,1,63.0
503,시절,1000.0,1,1000.0
504,시즌,102.0,1,102.0
505,시청,698.0,1,698.0
506,시크,694.0,1,694.0
507,시트,1000.0,1,1000.0
508,시한,8000.0,1,8000.0
510,식이,13000.0,2,6500.0
511,식장,10000.0,2,5000.0
512,신발,1357.0,2,678.5
513,신용,16.0,1,16.0
514,신인,8112.0,2,4056.0
515,신조어,193.0,1,193.0
516,신청,47000.0,2,23500.0
517,신혼,356.0,1,356.0
518,실전,2000.0,1,2000.0
519,실제,23007.0,4,5751.75
520,심리,533.0,1,533.0
521,심상,4000.0,1,4000.0
522,심장,9189.0,2,4594.5
523,싸움,2174.0,2,1087.0
524,쓸모,632.0,1,632.0
525,아가,11000.0,2,5500.0
526,아내,6000.0,1,6000.0
527,아린,45.0,1,45.0
528,아미,10000.0,1,10000.0
529,아빠,5000.0,2,2500.0
530,아우터,29.0,1,29.0
532,아이디,22000.0,3,7333.333333333333
533,아이스하키,64.0,1,64.0
535,아이템,1000.0,1,1000.0
536,아침,17263.0,5,3452.6
537,아트,745.0,1,745.0
538,안도현,366.0,1,366.0
539,안무,2000.0,1,2000.0
540,알바,91823.0,4,22955.75
541,알콜,214.0,1,214.0
542,알파카,10000.0,1,10000.0
543,애교,7000.0,1,7000.0
544,애칭,70000.0,1,70000.0
545,야경,937.0,1,937.0
546,야구,7000.0,1,7000.0
547,야구장,4000.0,1,4000.0
548,야식,1000.0,1,1000.0
549,약속,330.0,1,330.0
550,양면,29.0,1,29.0
551,얘기,9000.0,1,9000.0
552,어른,1000.0,1,1000.0
553,어린이,1000.0,1,1000.0
554,어묵,241.0,1,241.0
555,어보,8000.0,1,8000.0
557,어색,1000.0,1,1000.0
558,어장,82.0,1,82.0
559,어택,126809.0,21,6038.523809523809
560,언니,1000.0,1,1000.0
561,얼굴,354.0,1,354.0
562,엄마,2096.0,5,419.2
563,에어,126.0,1,126.0
564,에이,26000.0,3,8666.666666666666
565,에이징,664.0,1,664.0
566,엑스,22000.0,3,7333.333333333333
567,엔딩,7000.0,1,7000.0
568,여고,1000.0,1,1000.0
569,여름,2668.0,3,889.3333333333334
570,여신,14000.0,2,7000.0
571,여심,1000.0,1,1000.0
572,여우,4000.0,1,4000.0
573,여운,200.0,1,200.0
574,여자,160053.0,40,4001.325
575,여행,11080.0,10,1108.0
576,여행지,505.0,1,505.0
577,역대,130204.0,6,21700.666666666668
578,역사,785.0,1,785.0
580,연기,19000.0,2,9500.0
581,연습,52000.0,2,26000.0
582,연습실,10000.0,1,10000.0
583,연애,96400.0,13,7415.384615384615
584,연어,189.0,1,189.0
585,연예인,310923.0,12,25910.25
586,연의,116.0,1,116.0
587,연하,9115.0,3,3038.3333333333335
588,연희,79.0,1,79.0
589,영국,1177.0,2,588.5
590,영미,1000.0,1,1000.0
591,영상,123686.0,7,17669.428571428572
592,영어,70.0,1,70.0
594,영화,55.0,1,55.0
595,옆집,20000.0,1,20000.0
596,예고,10050.0,6,1675.0
597,예고편,1345.0,2,672.5
598,예능,52.0,1,52.0
599,예약,3000.0,1,3000.0
600,예지,1000.0,1,1000.0
601,오가,6000.0,1,6000.0
602,오늘,23038.0,8,2879.75
603,오늘밤,8000.0,1,8000.0
604,오뎅,84.0,1,84.0
605,오락실,10000.0,1,10000.0
606,오반,84.0,1,84.0
607,오버,64.0,1,64.0
608,오빠,1911.0,3,637.0
610,오줌,201.0,1,201.0
611,오타루,321.0,1,321.0
612,오픈,10048.0,2,5024.0
613,온천,171.0,1,171.0
614,올겨울,206.0,1,206.0
615,올드,48.0,1,48.0
616,올림픽,4000.0,1,4000.0
617,옷장,45.0,1,45.0
618,와이프,70000.0,1,70000.0
619,와중,200.0,1,200.0
620,완전,6000.0,1,6000.0
621,왈츠,10000.0,1,10000.0
622,왕세자,948.0,1,948.0
623,왕자,1000.0,1,1000.0
624,외대,2000.0,1,2000.0
625,요가,10598.0,2,5299.0
626,요리,1084.0,2,542.0
627,요정,1000.0,1,1000.0
628,요즘,2000.0,1,2000.0
630,용식이,6000.0,1,6000.0
631,우리집,21000.0,2,10500.0
632,우승자,1000.0,1,1000.0
633,우주,8000.0,1,8000.0
634,우지,30000.0,1,30000.0
635,우편,10000.0,1,10000.0
636,운동,3495.0,3,1165.0
637,운동화,726.0,1,726.0
638,운전,2344.0,2,1172.0
639,울음,9000.0,1,9000.0
640,워킹,4089.0,2,2044.5
641,워터,277.0,1,277.0
642,원의,6007.0,2,3003.5
643,원주,185.0,1,185.0
644,월경,698.0,1,698.0
645,웨딩,240.0,1,240.0
646,위기,61.0,1,61.0
647,위크,539.0,6,89.83333333333333
648,위험,145.0,1,145.0
649,윌리엄,948.0,1,948.0
650,유년,1000.0,1,1000.0
651,유니버설,509.0,2,254.5
652,유방,80.0,1,80.0
653,유병,1000.0,1,1000.0
654,유아,4000.0,1,4000.0
656,유지,9000.0,1,9000.0
657,유해,174.0,1,174.0
658,유행,2000.0,1,2000.0
659,윤기,897.0,1,897.0
660,음란,10000.0,1,10000.0
661,음식,2276.0,4,569.0
662,음악,52.0,1,52.0
663,음치,2000.0,1,2000.0
664,음향,136.0,1,136.0
665,응원,1672.0,2,836.0
666,의리,208.0,1,208.0
667,의미,39.0,1,39.0
668,이랑,2000.0,1,2000.0
669,이래,6000.0,1,6000.0
670,이번,958.0,5,191.6
671,이벤트,86000.0,2,43000.0
673,이브,64.0,1,64.0
674,이상,1302.0,3,434.0
675,이상형,1325.0,2,662.5
676,이세영,3000.0,1,3000.0
678,이스트,10000.0,1,10000.0
679,이시,11000.0,2,5500.0
680,이야기,16022.0,4,4005.5
681,이연,55.0,1,55.0
682,이용권,540.0,1,540.0
684,이입,182.0,1,182.0
685,이제,79.0,1,79.0
686,이진,313.0,1,313.0
687,이태원,857.0,1,857.0
688,이해,322.0,1,322.0
689,인간,6000.0,1,6000.0
690,인격,580.0,1,580.0
692,인사,10.0,1,10.0
693,인사이드,653.0,3,217.66666666666666
694,인생,106422.0,17,6260.117647058823
695,인스턴트,298.0,1,298.0
696,인어,2856.0,5,571.2
697,인조,2000.0,2,1000.0
698,인터뷰,67564.0,11,6142.181818181818
699,인턴,93414.0,16,5838.375
700,일리,2000.0,1,2000.0
701,일반인,116.0,1,116.0
702,일본,223.0,3,74.33333333333333
703,일본어,3930.0,5,786.0
704,일일,53000.0,2,26500.0
705,일터,25.0,1,25.0
706,자기,10000.0,1,10000.0
707,자료,1000.0,1,1000.0
708,자리,10000.0,1,10000.0
709,자막,55000.0,5,11000.0
710,자세,3000.0,1,3000.0
712,자연,79.0,1,79.0
714,자지,598.0,1,598.0
715,자취,84.0,1,84.0
716,자취방,84.0,1,84.0
717,자퇴,8000.0,1,8000.0
718,작정,41.0,1,41.0
719,잔망,912.0,1,912.0
720,잔치,30000.0,1,30000.0
721,잠옷,912.0,1,912.0
722,장갑,49.0,1,49.0
724,장기,524.0,4,131.0
725,장난기,1000.0,1,1000.0
726,장대,3000.0,1,3000.0
727,장성,841.0,1,841.0
729,재단,80.0,1,80.0
730,재벌,5.0,1,5.0
732,저격,10463.0,12,871.9166666666666
733,전라도,30000.0,1,30000.0
734,전문,8000.0,1,8000.0
735,전화위복,8000.0,1,8000.0
736,점퍼,952.0,1,952.0
737,정남,1000.0,1,1000.0
738,정력,4000.0,1,4000.0
739,정리,1690.0,3,563.3333333333334
740,정보,171.0,1,171.0
741,정복,937.0,1,937.0
742,정석,10009.0,5,2001.8
743,정성,120.0,1,120.0
744,정식,859.0,1,859.0
745,정용,4000.0,2,2000.0
746,정은,269.0,1,269.0
747,정인,20000.0,1,20000.0
748,정체,4000.0,1,4000.0
749,정호,116.0,1,116.0
750,제거,65.0,1,65.0
751,제대,163.0,1,163.0
752,제왕,302.0,1,302.0
753,제주,881.0,2,440.5
754,제홍,7000.0,1,7000.0
755,젤리,149.0,1,149.0
756,조민,41.0,1,41.0
757,조선,312.0,1,312.0
758,조세,614.0,2,307.0
759,조심,32.0,1,32.0
760,조정,1000.0,1,1000.0
761,조진,55.0,1,55.0
762,조현,10000.0,1,10000.0
763,존경,9000.0,1,9000.0
764,존조,280.0,1,280.0
765,존중,508.0,8,63.5
766,좀비,8000.0,2,4000.0
767,주말,4000.0,1,4000.0
768,주우,57.0,1,57.0
769,주의,46607.0,15,3107.133333333333
770,주인공,12171.0,9,1352.3333333333333
771,주작,6000.0,1,6000.0
772,준비,81253.0,5,16250.6
773,준의,48.0,1,48.0
774,준형,10000.0,1,10000.0
775,준호,7000.0,1,7000.0
776,중계,1000.0,1,1000.0
777,중독,1000.0,1,1000.0
778,중요,7.0,1,7.0
779,중인,3041.0,2,1520.5
780,쥬라기,408.0,1,408.0
781,쥬얼리,357.0,1,357.0
782,즐거움,70.0,1,70.0
783,증명,12000.0,2,6000.0
784,지도,10000.0,1,10000.0
785,지수,1119.0,3,373.0
786,지영,1000.0,1,1000.0
787,지원,380.0,1,380.0
788,지의,4000.0,1,4000.0
789,직원,50136.0,2,25068.0
790,직장,3000.0,1,3000.0
791,직장인,243.0,1,243.0
792,직접,181.0,1,181.0
793,진동,193.0,1,193.0
794,진심,1200.0,2,600.0
796,진정,698.0,1,698.0
797,진짜,668.0,2,334.0
798,질문,79.0,1,79.0
799,짝사랑,497.0,1,497.0
800,찜질,5000.0,1,5000.0
801,차가,182.0,1,182.0
802,차우더,361.0,1,361.0
803,차원,1000.0,1,1000.0
804,차이점,313.0,1,313.0
805,착각,10000.0,1,10000.0
806,참여,174.0,1,174.0
807,참전,50000.0,1,50000.0
808,찹쌀,34.0,1,34.0
809,창정,3000.0,1,3000.0
810,창조,193.0,1,193.0
811,챌린지,11380.0,3,3793.3333333333335
812,처음,5321.0,3,1773.6666666666667
813,철벽,2000.0,1,2000.0
814,철통,60.0,1,60.0
815,첫눈,7000.0,2,3500.0
816,첫사랑,1000.0,1,1000.0
817,청소,102.0,1,102.0
818,청첩장,8000.0,1,8000.0
819,청춘,6000.0,1,6000.0
821,체외,698.0,1,698.0
822,체험,114.0,1,114.0
823,초대장,181.0,1,181.0
824,초롱,9000.0,1,9000.0
825,촬영,356.0,1,356.0
826,촬영장,4000.0,1,4000.0
827,최고,1000.0,1,1000.0
828,최신,4000.0,1,4000.0
829,최악,1000.0,1,1000.0
830,최종,25839.0,4,6459.75
831,최초,79000.0,2,39500.0
832,추석,312.0,1,312.0
833,추억,13000.0,3,4333.333333333333
834,추천,4979.0,3,1659.6666666666667
835,축구,10000.0,1,10000.0
836,축하,352.0,2,176.0
838,출시,592.0,2,296.0
839,충격,840.0,1,840.0
840,취업,9000.0,2,4500.0
841,취중,1000.0,1,1000.0
842,취향,4268.0,14,304.85714285714283
843,치료법,10000.0,1,10000.0
844,치마,357.0,1,357.0
845,치명,8000.0,1,8000.0
846,치즈,275.0,1,275.0
847,치킨,18000.0,2,9000.0
848,친구,180735.0,26,6951.346153846154
849,친오빠,10000.0,1,10000.0
850,친의,2034.0,2,1017.0
851,친집,840.0,1,840.0
852,카드,505.0,1,505.0
853,카메라,12185.0,4,3046.25
854,카바,31.0,1,31.0
855,카파,972.0,1,972.0
856,카페,10971.0,3,3657.0
857,칵테일,997.0,2,498.5
858,캐리,839.0,1,839.0
859,캐스터,1000.0,1,1000.0
860,캠페인,80.0,1,80.0
861,캠핑,667.0,2,333.5
862,커플,18807.0,6,3134.5
863,커피,311.0,2,155.5
864,컨버터블,227.0,2,113.5
865,케이,6000.0,2,3000.0
866,코디,188.0,2,94.0
867,코스,2129.0,4,532.25
868,콘돔,698.0,1,698.0
869,콘텐츠,258.0,4,64.5
870,콜라,873.0,2,436.5
871,콩나물,87.0,1,87.0
872,크리,170.0,2,85.0
873,크리스마스,2908.0,6,484.6666666666667
874,클래식,26.0,1,26.0
875,클럽,6766.0,5,1353.2
876,클렌징,2000.0,1,2000.0
877,클립,667.0,9,74.11111111111111
878,키스,10136.0,2,5068.0
879,키스신,3000.0,1,3000.0
880,키워드,193.0,1,193.0
881,키즈,50000.0,1,50000.0
882,키친,64.0,1,64.0
883,타워,298.0,1,298.0
884,타임,9319.0,5,1863.8
885,타임머신,286.0,1,286.0
886,탈출,595.0,3,198.33333333333334
887,택시,2000.0,1,2000.0
888,테스트,14745.0,3,4915.0
889,테이블,10344.0,3,3448.0
890,토크,1000.0,1,1000.0
891,퇴근,131.0,2,65.5
892,퇴사,662.0,1,662.0
893,투비,10000.0,1,10000.0
894,투어,454.0,1,454.0
895,트랩,2000.0,1,2000.0
896,특별,13000.0,2,6500.0
897,특집,1000.0,1,1000.0
898,틈새,4000.0,1,4000.0
899,파격,3000.0,1,3000.0
900,파리,233.0,3,77.66666666666667
901,파스타,350.0,2,175.0
902,파이터,461.0,1,461.0
903,파일,7000.0,1,7000.0
904,파티,2982.0,5,596.4
905,파파,709.0,1,709.0
906,팝업,143.0,1,143.0
907,패션,984.0,9,109.33333333333333
908,패션쇼,68.0,4,17.0
909,페스티벌,407.0,1,407.0
910,편만,321.0,1,321.0
911,편의점,20000.0,1,20000.0
912,편지,1000.0,1,1000.0
913,포기,265.0,1,265.0
914,포스,4000.0,1,4000.0
915,포스터,356.0,1,356.0
916,포유,936.0,2,468.0
917,포크,64.0,1,64.0
918,포터,252.0,1,252.0
919,포토,319.0,4,79.75
920,폭력,163.0,1,163.0
921,폭발,4000.0,1,4000.0
922,폭탄,65.0,1,65.0
923,프라이,6000.0,1,6000.0
924,프랑스,35.0,2,17.5
925,프랑스인,112.0,1,112.0
926,프로,1000.0,1,1000.0
927,플라잉,4000.0,1,4000.0
928,플레이,22000.0,3,7333.333333333333
929,플레이스,2000.0,3,666.6666666666666
930,피곤,3000.0,1,3000.0
931,피날레,10.0,1,10.0
932,피임,698.0,1,698.0
933,피임법,698.0,1,698.0
934,피임약,698.0,1,698.0
936,필살,1000.0,1,1000.0
937,필수,1152.0,2,576.0
938,필요,180.0,1,180.0
939,핑크,26080.0,4,6520.0
940,핑크빛,82782.0,4,20695.5
941,하나,73.0,1,73.0
942,하늘,6000.0,1,6000.0
943,하늬,2055.0,2,1027.5
944,하루,6912.0,3,2304.0
945,하상,2000.0,1,2000.0
946,하우스,48.0,1,48.0
947,하이,7000.0,1,7000.0
948,하이라이트,20736.0,8,2592.0
949,하인드,3000.0,1,3000.0
951,하트,69.0,1,69.0
952,학교,181366.0,7,25909.428571428572
953,학생,50000.0,1,50000.0
954,한국,2080.0,2,1040.0
955,한때,289.0,1,289.0
956,한마디,10000.0,2,5000.0
957,한방,6000.0,1,6000.0
958,한번쯤,782.0,2,391.0
959,한복,2000.0,1,2000.0
960,한복판,1000.0,1,1000.0
961,한상혁,240.0,1,240.0
962,한여름,354.0,1,354.0
963,한의,22.0,1,22.0
964,할머니,10000.0,1,10000.0
966,합승,2000.0,1,2000.0
967,핫도그,84.0,1,84.0
968,항공,952.0,1,952.0
969,항정,259.0,1,259.0
970,해리,252.0,1,252.0
971,해상,171.0,1,171.0
972,해설,1000.0,1,1000.0
973,해소,283.0,1,283.0
974,해피,174.0,1,174.0
975,행동,25989.0,5,5197.8
976,행복,40000.0,3,13333.333333333334
977,향기,773.0,1,773.0
978,향수,807.0,1,807.0
979,허리,4000.0,1,4000.0
980,허세,289.0,1,289.0
981,헌팅,932.0,2,466.0
982,헤어,69.0,1,69.0
983,헬스,3000.0,1,3000.0
984,현관문,10000.0,1,10000.0
986,현장,356.0,1,356.0
987,현진건,289.0,1,289.0
988,형식,1000.0,1,1000.0
989,형제,17.0,1,17.0
990,호강,50.0,1,50.0
992,호정,27.0,1,27.0
994,호화,171.0,1,171.0
995,호흡,30143.0,2,15071.5
996,혼자,2412.0,2,1206.0
997,화이트,7.0,1,7.0
998,화제,241.0,1,241.0
999,환경,25.0,1,25.0
1000,환장,10040.0,2,5020.0
1001,황우,8000.0,1,8000.0
1002,회사,114.0,1,114.0
1003,회수,250.0,2,125.0
1004,후기,2000.0,1,2000.0
1005,후반부,61.0,1,61.0
1006,후방,2000.0,1,2000.0
1007,후배,6000.0,1,6000.0
1008,희귀,1000.0,1,1000.0
